7,10,Seven,Moves two marbles a total of 7 steps forward or one of your own marbles 7 steps forward.,7,SPADE
7,10,Seven,Moves two marbles a total of 7 steps forward or one of your own marbles 7 steps forward.,7,CLUB
7,1,Seven,Moves two marbles a total of 7 steps forward or one of your own marbles 7 steps forward.,7,DIAMOND
7,1,Seven,Moves two marbles a total of 7 steps forward or one of your own marbles 7 steps forward.,7,HEART
13,20,King,Fields a marble from the Home Zone or Moves one of your own marbles 13 steps forward killing all marbles in their path.,13,SPADE
15,20,MarbleSaver,"Selects one of your marbles, that is on track / base, to send to a random empty safe zone cell.",,
